<BackupInst xmlns="http://www.microsoft.com/GroupPolicy/GPOOperations/Manifest"><GPOGuid><![CDATA[{E16C56A9-4319-4A0F-A665-BE9E2A1138C5}]]></GPOGuid><GPODomain><![CDATA[hypervlab.iv]]></GPODomain><GPODomainGuid><![CDATA[{73ba56f4-53e0-4be5-8127-a1632d71c977}]]></GPODomainGuid><GPODomainController><![CDATA[hyperv01.hypervlab.iv]]></GPODomainController><BackupTime><![CDATA[2020-12-31T16:15:34]]></BackupTime><ID><![CDATA[{B2EFDA88-1E33-46A0-9E71-A536BE42D72F}]]></ID><Comment><![CDATA[]]></Comment><GPODisplayName><![CDATA[PerchAuditMS]]></GPODisplayName></BackupInst>
