<BackupInst xmlns="http://www.microsoft.com/GroupPolicy/GPOOperations/Manifest"><GPOGuid><![CDATA[{6169D07C-4F2F-45C9-8212-22125F0EBD23}]]></GPOGuid><GPODomain><![CDATA[hypervlab.iv]]></GPODomain><GPODomainGuid><![CDATA[{73ba56f4-53e0-4be5-8127-a1632d71c977}]]></GPODomainGuid><GPODomainController><![CDATA[hyperv01.hypervlab.iv]]></GPODomainController><BackupTime><![CDATA[2020-12-31T16:16:52]]></BackupTime><ID><![CDATA[{21498FF3-93DE-4E16-86C3-CD681448767B}]]></ID><Comment><![CDATA[]]></Comment><GPODisplayName><![CDATA[PerchAuditWS]]></GPODisplayName></BackupInst>
