<Backups xmlns="http://www.microsoft.com/GroupPolicy/GPOOperations/Manifest" xmlns:mfst="http://www.microsoft.com/GroupPolicy/GPOOperations/Manifest" mfst:version="1.0"><BackupInst><GPOGuid><![CDATA[{B5278F87-25CF-485A-98E1-B12F600340A7}]]></GPOGuid><GPODomain><![CDATA[hypervlab.iv]]></GPODomain><GPODomainGuid><![CDATA[{73ba56f4-53e0-4be5-8127-a1632d71c977}]]></GPODomainGuid><GPODomainController><![CDATA[hyperv01.hypervlab.iv]]></GPODomainController><BackupTime><![CDATA[2020-12-31T15:56:54]]></BackupTime><ID><![CDATA[{A4A34E2E-033B-44C3-A832-09EF643CAA2A}]]></ID><Comment><![CDATA[]]></Comment><GPODisplayName><![CDATA[PerchAuditDC]]></GPODisplayName></BackupInst></Backups>